,DEBT,YRS_IN_RESIDENT,AGE,YRS_OF_EMPLOYMENT,DTI,NUM_PREV_APP,OCCUPATION,PROVIDED_SIN,MARRIAGE,INCOME,EDUCATION,CREDIT_PROFILE,APPROVAL_STATUS
0,1600,3,19,1.5,2,0,21,1,1,13,4,1,0
1,2200,1,48,4.25,0.125,0,1,1,2,7,4,1,1
2,600,2,35,4.5,5.75,0,1,1,2,14,7,0,1
3,200,4,20,0.5,0,3,770,1,2,1,1,0,0
4,100,8,45,7,1.625,0,3,1,1,8,4,0,0
5,100,8,23,0,1,11,1,1,2,4,4,0,0
6,400,0,32,3.5,0.5,0,1,1,2,4,4,0,0
7,400,7,51,0,0.04,0,3001,1,2,14,7,1,1
8,0,5,39,1.5,0,0,1,0,2,1,1,0,0
9,100,5,42,5,3.165,0,1443,1,1,9,4,1,1
10,1200,5,64,0.25,0,1,101,0,2,1,1,1,1
11,200,9,48,3.75,1,0,3,1,2,3,5,0,0
12,0,4,22,2.25,0.75,0,1,1,2,4,4,0,0
13,700,8,19,0,0.665,0,2,1,2,11,4,0,0
14,300,7,18,4.5,0.25,0,1,1,2,8,4,0,0
15,200,5,27,2.25,0.5,0,4001,1,2,3,5,0,0
16,400,10,21,1.75,2.085,5,2504,0,2,11,4,1,1
17,700,2,23,10.75,0.415,5,561,0,2,11,4,1,1
18,0,2,44,6.75,7.375,3,1,0,2,11,4,1,1
19,200,3,36,1,2,11,457,0,2,8,4,1,1
20,100,2,44,0.5,10.75,0,1,1,2,7,4,1,0
21,0,6,52,1.5,9.46,0,101,1,1,8,7,1,0
22,100,9,49,1.5,0,0,28,0,2,5,3,1,0
23,900,9,31,1,0,1,20,1,2,1,1,0,0
24,400,5,18,0.25,0.25,0,1,1,2,2,4,0,0
25,100,5,23,1.5,0.54,0,68,1,1,6,4,0,0
26,100,1,44,11,1.5,0,1,1,1,2,4,1,0
27,1100,1,37,4.5,0.25,10,1,1,1,4,4,1,1
28,100,0,21,8.5,0.165,0,352,0,2,8,4,0,0
29,100,0,80,5.5,0.54,0,341,1,2,8,4,1,0
30,100,3,33,2.5,7,0,1,1,1,9,4,0,0
31,1200,4,32,0.75,1.335,8,3291,1,2,14,4,1,1
32,200,2,40,4.25,6.5,16,1211,1,2,8,5,1,1
33,1000,5,16,0.75,0.085,0,1,1,2,7,4,1,0
34,300,10,50,0.75,0.5,0,118,0,2,6,4,0,0
35,0,1,35,4,12.5,0,1,1,2,2,5,1,0
36,100,2,43,5,2.25,0,1,1,2,3,5,0,0
37,3600,4,21,10.25,0.335,1,51,0,2,13,7,1,1
38,200,1,29,1,2.5,5,1431,0,2,8,4,1,1
39,800,5,32,11.25,0,0,5201,0,2,1,1,0,0
40,200,6,60,1.5,0.125,0,1,1,2,11,4,1,1
41,1300,9,23,0,0,0,1,1,2,8,4,0,1
42,0,2,44,0.5,5,0,1,1,2,3,7,1,1
43,0,10,43,4.5,4.58,0,1,1,2,11,4,1,1
44,2400,6,41,1.25,0.25,0,196,1,1,9,4,0,0
45,600,8,23,11.5,0.415,0,1,1,2,3,4,0,0
46,200,2,35,2.5,1,0,1,1,2,3,4,0,0
47,100,9,33,3,2.04,1,18028,1,1,8,7,1,1
48,200,2,72,0,0,0,1,0,2,8,4,0,1
49,500,1,23,0.5,0.085,0,1,1,2,8,7,1,0
50,500,2,17,0.25,0.29,0,1,1,1,4,4,0,0
51,500,1,29,1.25,0.25,2,109,1,2,8,7,0,0
52,0,7,32,0.75,3.5,0,1,1,1,6,4,0,0
53,100,6,35,2.5,4.5,7,1271,1,2,4,4,1,1
54,200,1,30,6.5,3.125,8,1201,1,2,13,4,1,1
55,500,8,26,3.25,2.29,1,22,1,2,8,7,0,0
56,300,9,22,1.75,0,0,1,0,1,5,3,0,0
57,300,8,31,2.5,2.25,0,1,1,2,13,7,0,0
58,100,2,33,2.25,3.5,0,142,0,1,13,4,0,0
59,200,8,23,0,0.085,0,1,1,2,13,4,1,1
60,200,2,61,5,4,4,100,0,2,6,4,1,1
61,200,5,24,1.75,0.165,0,1,0,1,8,4,0,0
62,100,8,24,12,2.085,0,1,1,2,8,4,0,0
63,0,4,47,5.75,5.5,0,151,1,2,9,4,0,0
64,100,2,21,0.5,1,0,1,0,1,10,2,0,0
65,0,0,42,5,12.75,0,1,1,2,11,7,1,1
66,600,4,57,0.25,1,0,2198,0,2,3,5,1,0
67,300,5,32,0,4.25,0,1,1,1,2,4,0,0
68,100,4,21,4,0.04,0,101,1,1,3,7,0,0
69,0,2,48,4.25,0.085,0,1,1,2,14,5,0,0
70,100,1,52,15,8.5,9,1,1,2,8,4,1,1
71,3100,10,16,0,0.165,0,1,1,2,8,4,0,0
72,100,9,22,8.5,1.75,10,991,0,2,11,4,1,0
73,100,7,16,0.25,0.125,0,2,0,2,6,4,0,0
74,100,4,35,0,0,0,1,1,2,8,4,0,0
75,100,10,39,1.75,0.25,0,391,0,2,6,4,0,0
76,100,5,22,11.5,1.585,0,1213,1,2,4,4,0,0
77,100,10,52,3,1.5,0,5,1,1,1,1,0,0
78,400,4,29,3.5,0.25,0,1,1,2,6,4,0,0
79,100,8,28,2,1,4,7545,1,2,14,7,1,1
80,200,4,22,11.5,0,11,1,0,1,5,3,1,1
81,400,4,26,0.25,0,0,1,1,2,3,5,1,1
82,0,5,48,1.25,0.335,0,121,0,2,3,6,0,0
83,0,2,33,1.5,5.5,3,1,1,2,13,7,1,1
84,100,3,21,3,0.04,0,1,0,2,6,4,1,1
85,200,8,40,21.5,20,11,1201,1,2,10,7,1,1
86,800,9,43,25.25,0.21,1,91,1,2,11,7,1,0
87,100,9,27,13.5,5,2,5001,0,2,11,7,1,1
88,300,2,37,2,0.04,0,5801,1,2,9,4,1,1
89,300,6,19,11,0.585,2,8,1,2,8,5,0,0
90,0,4,22,11,0.29,6,1,1,2,14,4,1,1
91,200,6,25,13.5,0,0,1,1,1,1,1,0,0
92,0,1,20,7,1.625,3,1392,1,2,8,4,1,1
93,0,4,25,4.5,1,0,7,0,2,9,4,0,0
94,600,7,57,8.5,7,3,1,1,2,10,7,1,1
95,200,2,61,16.5,11,0,10562,0,2,11,4,1,1
96,600,7,47,8,6.5,6,51101,0,2,10,5,1,1
97,100,8,17,0.5,0.165,6,36,0,2,3,4,0,0
98,0,3,42,0.25,5.125,0,1,1,2,3,7,1,1
99,200,0,43,2.25,0.75,0,1,1,2,3,5,1,0
100,1200,1,33,2.5,1.75,2,1,1,2,6,4,0,0
101,500,7,21,3,0.165,3,7,0,2,11,4,1,1
102,400,6,23,0.25,0.085,0,1,1,2,7,4,0,0
103,200,2,38,7,11.5,7,6,1,2,11,7,1,0
104,100,6,23,10,0.04,9,397,1,2,14,4,1,1
105,100,3,27,1.25,0,1,301,0,2,1,1,0,0
106,300,0,41,4,7,8,1,1,2,13,7,1,1
107,100,8,23,10.5,1.335,0,1,1,2,11,7,1,1
108,700,8,23,2.5,2.585,0,1,1,1,8,7,1,1
109,100,2,19,9.5,1.625,6,601,0,2,9,4,1,1
110,200,5,24,0.75,0.415,1,12,0,2,11,4,0,0
111,400,1,18,0.25,0.21,0,41,1,2,11,6,0,1
112,400,2,23,0.75,1.5,2,401,0,1,11,4,1,1
113,0,3,28,1.5,2,11,36,1,2,9,4,1,1
114,300,5,40,1.5,1.5,0,317,1,2,8,4,0,0
115,100,8,56,11.5,5,5,8852,1,2,1,1,1,1
116,1400,1,17,9.5,1.75,10,11,0,2,6,4,0,0
117,300,3,43,4,0.04,0,101,1,2,6,4,0,0
118,600,7,69,15,0,14,3377,0,2,10,7,1,1
119,300,8,39,0.25,0.085,0,1,1,2,4,4,1,1
120,200,3,16,4,0.415,0,1,1,2,3,7,0,0
121,0,2,59,4.5,3.04,6,561,0,2,11,7,1,1
122,0,8,20,0.75,1.585,1,1,0,2,11,4,1,1
123,100,9,39,1.5,1.5,10,4701,1,2,8,4,1,1
124,0,1,26,12.5,1.25,0,18,1,1,4,7,0,0
125,1600,7,21,4.75,2.25,1,301,1,1,9,4,1,1
126,400,2,20,11.75,6,0,1,0,2,8,7,1,1
127,0,3,23,3,1.29,1,801,1,2,7,4,1,1
128,600,2,35,5,7.5,6,1001,1,2,14,7,1,1
129,200,4,26,1,0.375,2,4,1,2,4,4,0,0
130,3200,2,50,19,0,1,1,1,2,1,1,1,0
131,0,9,28,3,0.75,0,68,1,2,9,4,0,0
132,5600,3,41,1,2.25,0,301,0,2,3,5,1,1
133,100,9,22,5.75,2.585,7,3258,0,2,11,4,1,1
134,100,9,22,12,3.335,2,174,1,2,8,4,0,0
135,200,1,31,15.5,0.5,0,1,1,2,8,4,1,0
136,900,9,22,9,0.085,0,1,1,2,6,4,0,0
137,100,5,19,0,0,0,2,1,1,7,5,0,1
138,300,1,20,9.5,0.79,0,351,1,2,6,4,0,0
139,200,7,32,2.25,0,0,1,1,1,4,1,0,0
140,600,5,20,0.75,0.795,5,6,0,2,8,4,1,0
141,300,3,27,1.75,1,5,5778,1,1,8,4,1,1
142,300,8,43,0.25,1.75,8,376,1,1,13,7,1,1
143,0,1,58,21,10,13,6701,0,2,3,5,1,1
144,300,2,52,2,1.5,0,2,1,1,1,1,0,0
145,0,5,16,2.75,0.665,1,22,1,2,6,4,0,0
146,0,5,21,0.25,0.25,0,205,1,1,8,7,0,0
147,500,8,46,10.5,5,7,1,0,2,11,4,1,1
148,0,3,30,2,0.04,0,2,1,1,14,7,0,0
149,0,7,45,4.5,1,0,1,0,2,4,7,0,0
150,800,2,22,0.5,0.04,1,60,1,1,14,4,1,1
151,200,3,32,4,5,3,2280,1,2,14,4,1,1
152,200,3,24,12.25,1.585,0,1,1,2,11,7,1,1
153,300,7,57,4.25,5,0,5,0,1,1,1,0,0
154,200,6,23,1.5,3.085,6,1,1,1,9,4,1,1
155,400,1,23,11,2.5,7,810,1,2,11,4,1,1
156,0,3,30,0.5,1.75,11,541,1,2,8,4,1,1
157,100,1,47,0.5,0.415,11,7,0,2,13,7,1,1
158,100,6,26,0.5,0.875,0,1,0,2,8,7,1,1
159,100,4,34,5.5,1.5,0,1,1,1,8,4,0,0
160,300,6,22,0.25,0.665,0,1,1,2,2,7,1,1
161,300,8,57,18.5,15,17,1,1,2,2,5,1,1
162,300,6,22,0.5,0,0,1,1,1,1,1,0,0
163,400,10,31,19.5,7,16,5001,1,2,8,4,1,1
164,100,9,24,0.5,1.25,1,679,0,2,11,7,1,1
165,0,1,34,4,8.5,7,1,1,1,3,5,1,1
166,200,1,57,19.5,5.5,7,3001,0,2,8,4,1,1
167,1300,2,28,1.5,3.75,5,4,1,2,9,4,1,1
168,5200,2,29,3.5,0.5,0,1,0,2,3,5,1,0
169,100,10,32,7.5,1.585,0,1,1,2,10,5,1,0
170,0,7,24,11.5,3,0,17,0,1,4,7,0,0
171,0,6,34,2.5,1,0,17,1,2,8,4,0,0
172,0,9,27,2.5,0,0,61,0,1,1,1,0,0
173,1400,2,53,15,5.5,14,2201,0,2,8,4,1,1
174,0,7,31,2,0.085,0,1,1,2,8,4,0,0
175,1300,6,20,11,2,0,1,1,2,8,4,0,0
176,200,0,23,11,0.46,1,1,1,2,14,7,1,1
177,0,8,35,3.75,0,6,201,0,2,1,1,0,0
178,500,8,39,5,3.5,10,1,1,2,13,4,1,1
179,1900,1,34,1.75,0.25,0,1,1,2,9,5,1,0
180,900,0,38,4.5,0.125,0,1,0,2,8,4,0,0
181,300,2,49,26.25,0,0,1,1,1,1,1,1,0
182,300,3,28,3,2.54,1,1,0,1,14,7,1,1
183,0,2,33,5.5,5.5,12,1001,1,2,11,7,1,1
184,100,3,29,3.75,0.25,1,155,0,2,8,4,0,0
185,0,8,28,2,2,3,561,1,1,6,4,1,1
186,1100,6,32,3,7,0,2,1,1,3,5,0,0
187,0,1,37,2.75,0.165,0,502,1,2,13,4,0,0
188,200,8,21,3,1.085,8,2,1,1,2,4,1,1
189,300,0,25,0.5,0.165,1,445,1,2,9,4,0,0
190,400,4,26,2.75,0.085,0,1,0,1,8,4,0,0
191,300,5,33,1,6.5,0,31286,1,2,12,7,1,1
192,0,8,28,0.5,0.25,2,501,1,1,13,4,1,1
193,300,5,32,4.5,6.04,3,301,1,2,13,7,1,1
194,0,2,22,1.25,2.5,1,21,1,1,4,4,1,0
195,0,5,18,1.25,0,0,1,1,1,10,2,0,0
196,8100,5,68,5.5,13,1,1,1,2,10,7,1,1
197,300,7,21,2.25,0.5,4,1,0,2,3,5,1,1
198,300,5,18,10,0.165,0,1,0,1,11,7,0,0
199,0,3,59,2.75,2.415,0,1,1,2,8,4,0,0
200,100,8,28,3.25,5.085,2,2,1,1,11,7,0,0
201,200,7,22,6,2.5,3,919,0,2,6,4,1,1
202,400,9,30,5.25,2.25,5,501,0,2,10,2,1,1
203,200,7,20,10,0,0,1,1,2,10,2,1,1
204,100,4,27,2,0.75,0,1,1,2,2,4,0,0
205,200,2,52,7,3,0,1,0,2,6,7,0,0
206,100,8,40,8,0.165,2,19,0,1,4,4,0,0
207,0,1,31,1.5,0.585,0,1,1,2,2,4,0,0
208,600,2,19,0.5,0.165,1,2,1,1,8,4,0,0
209,100,8,33,2.5,2.5,0,3,0,1,8,4,0,0
210,100,6,17,3,0.04,0,41,1,2,4,4,0,0
211,100,5,27,1.5,0.375,0,1066,1,1,9,4,1,1
212,100,2,43,3,1,0,201,1,2,3,5,1,0
213,200,7,38,0.75,0.04,0,6,1,2,10,4,0,0
214,0,2,34,4.25,3.25,2,611,1,2,3,5,1,1
215,100,3,27,0.5,0.455,0,1,1,2,6,4,1,0
216,100,6,26,8.75,1.415,0,151,0,2,6,4,1,1
217,0,9,21,0.75,0.75,0,3,1,1,12,6,0,0
218,100,4,20,1.25,0.125,0,5,1,1,4,4,0,0
219,2100,9,23,11.75,0.5,2,552,0,2,14,7,1,1
220,900,7,22,11.5,1.5,0,4001,1,1,7,4,0,0
221,200,4,38,1.75,0.25,0,401,1,1,8,5,1,0
222,1900,9,20,0.75,1,1,3,0,1,8,4,0,0
223,400,3,34,2.25,1.5,0,1,1,2,8,4,0,0
224,300,6,56,7,6.75,3,51,0,2,4,7,1,0
225,0,10,18,0.5,1.75,1,6,0,2,8,4,0,0
226,200,7,32,4,2.5,0,1,1,2,7,4,1,1
227,1100,2,34,4.5,1,0,1,1,2,6,4,1,0
228,200,0,55,15.5,0,20,131,1,2,10,7,1,0
229,200,7,19,7.25,0.04,1,2,1,2,7,4,0,0
230,200,6,22,0.75,2.165,0,1,1,2,8,7,0,1
231,0,2,27,0.25,0.125,1,109,0,2,7,7,0,0
232,200,7,20,0.25,0.125,0,1,1,2,11,4,0,0
233,1300,6,18,11,1,11,3001,0,2,14,7,1,1
234,600,1,39,3.25,4,14,1345,1,2,9,4,1,1
235,400,4,54,0.5,3.96,0,315,1,1,4,7,1,1
236,200,6,21,5.25,0.375,1,1,1,2,11,4,1,0
237,100,1,38,1,1.5,0,1,1,1,2,4,0,1
238,4900,1,18,5.5,0.5,0,1,1,2,4,4,1,1
239,700,1,23,1,0.835,0,1,1,2,8,4,1,1
240,500,5,70,6,0,0,1,0,2,1,1,0,0
241,0,3,28,13.75,5.75,0,501,1,2,9,4,1,1
242,100,9,43,3,6,11,1,1,2,11,7,1,1
243,0,2,24,2.5,0,0,1,0,1,8,4,0,0
244,1100,0,23,0.75,0.5,0,1,1,2,7,4,1,0
245,1700,9,24,2.5,4.5,0,457,0,1,3,5,0,0
246,300,2,24,0.5,0.04,2,7,1,1,8,4,0,0
247,5000,10,34,1.75,4.5,4,858,1,2,14,7,1,1
248,0,8,34,3,7.415,0,1,1,2,13,7,1,1
249,100,7,31,1.5,0.04,0,1,1,1,9,4,0,0
250,700,3,37,4,5,0,1,1,2,8,5,1,0
251,500,4,23,4,0.25,0,1,1,2,8,5,1,1
252,600,9,32,3.5,3,0,1,0,2,2,4,1,0
253,100,3,34,2.75,0,0,1,1,2,3,5,0,0
254,200,2,47,6.5,1,0,229,1,2,8,4,0,0
255,100,4,29,13,0.5,0,1,1,2,2,7,0,0
256,2900,2,48,12,16,0,1,1,2,7,4,1,1
257,100,8,34,1.5,0,0,1,0,1,1,1,1,0
258,100,5,46,3,2.375,8,4160,0,2,8,4,1,1
259,500,10,24,2.75,4.5,0,26,1,2,1,1,0,0
260,0,1,27,14.5,0,0,1,1,2,3,5,0,0
261,0,2,57,12.25,1.25,4,1,1,2,7,4,1,1
262,500,2,30,1.75,4.335,0,201,1,2,8,7,1,1
263,800,8,20,0,0.5,0,1,1,2,2,4,0,0
264,300,6,23,6.25,0.165,0,1001,0,2,6,4,0,0
265,100,10,20,10,0.835,0,1,1,1,4,7,1,0
266,200,4,23,2.25,2.29,7,2385,0,2,11,7,1,1
267,300,3,62,12.75,5,0,1,1,1,8,7,1,0
268,0,9,48,3.5,3.5,0,1,1,2,6,4,1,1
269,0,2,20,0.25,0.29,0,365,1,2,4,4,0,0
270,800,5,30,1.5,0.75,1,101,1,2,9,7,1,1
271,100,1,28,1,1,2,501,0,2,11,4,1,0
272,0,7,15,7,1,0,1,1,2,10,4,0,0
273,100,9,20,2.5,2,11,3001,1,2,8,4,1,1
274,100,7,29,9.25,5.665,6,169,1,2,11,7,1,1
275,1800,7,30,1.75,1.25,0,1,0,1,4,4,0,0
276,100,3,32,0.5,0.875,0,1,1,2,2,4,1,0
277,0,3,30,1,0.5,10,29,1,1,3,5,1,0
278,200,2,27,0.5,0,0,1,1,2,4,1,0,0
279,0,0,18,6.75,0.04,0,1,1,1,7,4,0,0
280,0,3,25,1.75,1.665,1,21,1,2,14,4,1,1
281,100,6,22,0,0.125,0,71,1,1,4,4,0,0
282,300,3,19,9.5,1.5,0,2207,1,2,9,4,1,1
283,100,6,37,0,1.5,0,114,1,1,8,4,0,1
284,500,7,34,1.5,1.54,1,50001,1,2,13,4,1,1
285,3000,7,21,10.25,0.71,2,1,0,2,11,4,1,1
286,500,7,26,0,0,0,1,0,2,8,4,0,1
287,700,9,38,6,1,0,1,0,2,4,4,1,1
288,1000,6,56,16,0,15,248,0,2,5,1,1,1
289,100,7,21,5,0.29,0,185,1,1,5,4,0,0
290,1600,6,41,1.25,0.165,0,1,1,2,2,4,0,0
291,1100,1,30,1,1,0,14,0,1,14,4,0,0
292,200,3,37,3.25,9,0,640,1,2,11,7,1,1
293,1900,8,42,9.75,7.96,8,1,1,2,14,7,1,1
294,300,3,19,7.5,2.71,5,26727,0,2,11,4,1,1
295,100,3,33,1.5,0.54,0,1,0,2,2,4,0,0
296,200,4,26,0.25,1.5,0,1,1,1,8,4,0,0
297,600,5,35,2.5,0.5,0,1,1,2,13,5,0,0
298,500,0,30,6.5,4,7,3066,0,2,8,5,1,1
299,2500,2,46,4,0,0,961,0,2,5,3,1,1
300,100,4,37,4.75,0,0,1,0,2,1,1,0,0
301,0,6,23,2.5,1.085,11,2185,1,2,8,4,1,1
302,300,6,35,1,1.165,0,1,1,2,7,4,0,0
303,800,10,25,2.5,0.25,0,1,0,1,6,4,1,1
304,0,6,25,2,2.75,0,2,0,2,8,7,1,0
305,200,8,65,14,0,11,1401,0,2,1,1,1,1
306,400,7,20,0,0,0,1,1,2,8,4,0,0
307,400,8,34,0,0.04,1,2001,1,1,7,5,1,1
308,100,4,25,12.5,0.875,0,1,1,2,9,4,1,0
309,0,4,41,10,1.75,0,838,0,2,11,7,1,1
310,100,6,38,0.75,0.375,2,501,1,2,8,4,0,0
311,100,1,22,0.5,0.125,0,56,1,2,4,4,0,0
312,300,6,17,0.25,0.335,4,9,1,2,11,4,0,0
313,200,9,20,1.25,0,0,1,0,2,8,4,0,0
314,0,6,38,5.5,0.125,0,1,0,2,11,4,1,1
315,500,10,58,2,6.5,1,11,0,2,1,1,0,0
316,900,4,23,6,3.17,10,246,0,2,11,4,1,1
317,100,8,30,0.5,0.54,4,501,0,2,4,4,1,1
318,1400,1,17,6.5,0.125,0,101,1,2,3,4,0,0
319,100,4,54,9.5,8.665,5,1,1,2,10,4,1,1
320,0,5,50,13.5,8.5,0,1,0,2,4,7,1,1
321,600,8,24,1,0.085,4,1951,1,2,7,4,0,0
322,100,9,26,2.25,4,0,1,1,1,6,4,1,0
323,100,6,23,0.5,0.125,0,2,1,1,6,4,1,0
324,0,3,21,1,0.25,0,205,1,1,8,7,0,0
325,100,1,42,0.5,0.21,6,949,1,2,8,7,1,1
326,2100,4,22,2.25,0.125,0,11,1,2,3,4,0,0
327,100,4,27,2.75,5.25,1,1,1,1,13,4,1,1
328,800,10,18,9,1.375,0,1,0,2,6,4,1,1
329,1800,6,39,5,13.5,0,1,0,2,13,4,1,0
330,300,6,19,9.5,1,0,401,1,2,11,4,1,1
331,100,3,33,3.25,3.165,3,1,1,1,14,4,1,1
332,400,1,42,1,5,6,10001,1,2,9,4,1,1
333,4100,5,52,0,0,0,1,0,1,1,1,0,0
334,400,3,37,2.5,0.21,0,247,0,2,3,7,0,0
335,0,7,40,6.25,0.04,1,301,1,2,11,4,1,1
336,600,8,30,1.5,0.04,3,34,0,2,9,7,0,0
337,200,9,27,4.25,4.29,1,1,1,2,13,4,1,1
338,0,5,22,1.5,0.085,0,1,1,2,4,4,0,0
339,100,2,16,0.5,1.5,2,1,0,2,8,7,1,1
340,0,4,39,6,10,14,1,1,2,13,7,1,1
341,100,10,31,2.75,0.125,0,1,1,1,7,4,0,0
342,100,7,25,0.5,1,0,2,1,2,7,4,0,0
343,200,8,27,1.75,5.085,9,828,1,2,13,7,1,1
344,300,8,23,11.5,0.835,0,301,1,1,9,4,1,1
345,200,0,35,1.25,0.5,0,1,0,1,3,7,0,0
346,2400,10,36,18,0.085,0,3553,1,2,9,4,0,0
347,100,3,28,0.75,0.165,0,252,1,2,11,7,0,0
348,200,6,35,12,14,8,6591,0,2,11,7,1,1
349,1800,4,48,2.5,2.5,12,2511,1,2,7,5,1,1
350,0,2,35,25,1.625,1,501,1,2,14,7,1,1
351,500,5,26,0.25,3.5,0,1,1,2,4,7,0,0
352,300,6,28,1,3,0,538,1,1,2,7,0,0
353,100,7,37,2,0.25,0,1,1,2,3,4,0,0
354,200,2,22,9.75,0.25,0,1,1,2,8,4,1,0
355,100,1,58,7,14,6,1333,1,2,7,4,1,1
356,200,5,41,0.75,0,0,2,1,2,1,1,1,0
357,4500,9,32,0.25,3.25,1,8001,1,1,8,7,1,1
358,100,5,32,1.75,0.04,0,1,1,1,10,7,1,1
359,100,0,22,11,2,1,279,1,2,9,4,1,1
360,100,6,48,0.25,15,20,15001,1,2,8,5,1,1
361,100,8,32,2.5,1.25,0,1,1,2,8,4,0,0
362,200,9,36,3.75,1.165,0,1,1,2,9,4,1,0
363,100,4,28,1,0.96,3,1,1,2,7,4,1,1
364,900,9,26,0.75,1.165,0,1,1,2,13,4,0,0
365,500,3,18,22,0,0,100001,1,3,1,6,0,1
366,500,9,20,10,1,4,1466,0,2,8,7,1,1
367,400,3,21,0,0.5,0,1,1,2,8,4,0,0
368,100,9,26,1.5,0.125,0,1,1,2,9,4,0,0
369,300,6,22,0.5,0.125,0,1,1,2,8,4,0,0
370,100,6,18,2.5,0.96,2,588,1,2,8,6,0,0
371,600,4,41,0,15,0,1,1,2,8,5,1,1
372,0,2,20,5.5,1.71,0,1,1,2,9,4,1,1
373,100,9,29,1.25,0.5,0,1,1,2,4,4,1,0
374,200,9,22,1.25,3.25,0,1,0,1,1,1,0,0
375,2300,7,28,3.5,0.835,0,1,0,2,9,4,1,1
376,500,2,48,7.5,15.5,12,791,1,2,9,7,1,1
377,100,10,35,15,5.375,9,135,1,2,12,6,1,1
378,200,8,42,1.75,0,0,2,0,1,8,4,0,0
379,300,2,26,2,0,0,2,0,2,5,3,0,0
380,300,6,33,3,2,0,1,0,1,6,4,0,0
381,100,9,44,0,2.5,0,1,0,2,8,4,1,1
382,1300,4,26,0.5,1.46,5,1,1,2,8,4,1,1
383,100,5,34,2.75,2.5,0,201,1,2,3,5,0,0
384,400,8,24,9,0.25,0,1,1,2,6,4,0,0
385,100,1,16,1.25,0.25,1,99,0,2,11,4,0,0
386,0,2,33,4.5,1.625,2,1,0,2,11,7,1,1
387,200,8,28,2,4.165,2,1,1,2,4,7,1,1
388,400,4,69,9,4,1,7,1,2,1,1,0,0
389,300,8,23,1,0.5,0,1,1,2,8,4,0,0
390,0,7,35,3.5,8.29,0,1,1,2,8,7,0,0
391,200,4,20,10,2.5,0,1,1,1,8,4,1,1
392,300,10,33,2.25,5.75,0,1,1,2,2,7,0,0
393,200,1,20,1.75,2.25,1,151,1,2,8,4,1,1
394,0,10,28,2,0.25,0,51,0,2,9,4,0,0
395,100,10,25,1,1.29,2,1,0,2,11,4,1,0
396,0,0,35,16.5,4,0,1,1,1,8,4,1,0
397,600,7,50,12.5,2.29,3,1,0,2,6,4,1,1
398,0,1,29,14.75,5.04,5,1,1,2,6,4,1,1
399,500,5,17,3.25,0.335,0,3,1,2,3,4,0,0
400,1000,3,41,6.5,0.5,3,1,0,2,11,4,1,1
401,300,7,23,0.25,0.75,0,1,0,2,11,4,0,0
402,1000,3,22,11.75,0.25,0,1,0,2,8,4,0,0
403,600,7,34,2.75,4.25,6,1,1,2,7,4,1,1
404,400,5,64,20,17.5,9,1001,1,2,14,7,1,1
405,0,1,25,12.5,1,0,1063,0,2,2,4,0,0
406,900,1,32,0.5,0.835,0,1,1,2,8,5,1,0
407,700,9,19,9.5,0.085,0,1,0,2,6,4,1,1
408,200,3,25,3.5,0.625,7,7060,1,2,13,4,1,1
409,300,2,49,8.5,12.5,9,1656,1,2,8,7,1,1
410,100,7,40,6.5,3.5,1,501,1,2,6,5,1,1
411,800,6,41,1.5,0,0,1,1,2,3,5,0,0
412,200,8,36,2,0.085,1,1188,1,1,9,4,1,1
413,600,8,54,6.75,2.625,11,285,1,2,8,7,1,1
414,300,4,73,17.75,0,0,1,1,2,1,1,1,1
415,0,3,63,0.5,0.585,3,1,1,2,8,4,1,0
416,0,0,25,1,1.04,0,5861,0,2,14,7,1,1
417,0,3,25,1.25,0,0,1,0,2,1,1,1,0
418,100,2,16,0.75,1.75,5,691,1,2,8,4,1,1
419,500,10,24,0.75,0.165,0,1,1,2,8,4,0,1
420,100,10,56,12.5,8,0,2029,1,2,4,7,1,1
421,200,8,35,2.5,0,0,201,1,2,9,4,1,1
422,100,6,49,2.25,0.29,0,4,1,2,1,1,0,0
423,0,9,40,0.5,0.25,0,1,1,2,7,4,1,0
424,0,4,18,0.5,10,0,1,0,3,13,1,0,1
425,300,9,51,0.5,0,0,1,1,2,1,1,0,0
426,100,10,20,0.5,2,2,1,1,2,11,4,1,1
427,300,1,19,9,0.75,2,592,0,2,6,4,1,1
428,100,3,31,3.75,0.625,9,1,0,2,13,7,1,1
429,200,7,26,12.75,0.5,0,3,1,2,13,4,0,0
430,200,4,32,2.5,7.5,0,1,1,2,6,4,1,0
431,600,9,36,4.25,3.5,0,51,1,2,11,4,0,0
432,200,4,34,6.5,0.125,0,1,1,2,6,4,1,0
433,200,3,21,5,0,0,1,0,1,1,1,0,0
434,0,3,22,8.5,2.46,0,1,0,1,14,4,0,1
435,1400,7,36,2.5,0,0,1001,1,2,1,1,0,0
436,1500,9,29,14.5,0.125,0,287,1,2,2,4,0,0
437,600,4,39,1.75,0.125,5,1,1,2,14,4,1,1
438,100,4,25,12.5,3,0,1,1,2,6,4,1,1
439,0,3,19,10.25,0.415,0,1,1,2,1,1,0,0
440,200,7,49,6.5,6,0,1,1,2,11,7,1,1
441,800,10,19,8.5,0.75,7,1,0,2,13,7,1,1
442,200,9,28,1.25,0.25,0,1,1,2,4,7,0,0
443,600,5,26,0.5,0.25,3,15109,1,2,7,4,1,1
444,600,2,28,1.5,2,0,1,0,2,7,4,1,0
445,200,7,23,3.25,0.165,0,1059,1,1,8,4,0,0
446,0,5,60,14.5,18,15,1001,1,2,1,1,1,1
447,0,3,25,6,1,3,1,1,2,8,4,1,1
448,200,9,23,11.5,2.125,11,285,1,2,9,7,1,1
449,100,2,42,1.75,0.21,0,1,1,2,4,4,1,0
450,0,3,25,11.25,2.5,17,1209,1,2,8,4,1,1
451,200,7,16,3,0.085,0,1,0,2,11,4,0,0
452,0,6,34,5.25,0.085,0,7,1,2,9,4,0,1
453,0,5,45,1,0.125,0,1,0,2,11,4,0,0
454,100,8,50,7.5,7.585,15,5001,1,2,3,5,1,1
455,100,1,44,2,1.75,2,16,1,2,7,4,1,1
456,0,2,39,2.5,10,0,1,1,1,3,7,0,0
457,600,9,24,0.5,0.125,0,2,1,1,13,7,0,0
458,500,1,28,0.5,0.585,4,1,0,2,11,4,1,1
459,300,6,20,1,1.5,0,8,1,2,11,4,0,0
460,500,8,24,0.5,2.625,6,348,1,1,9,4,1,0
461,100,4,30,3.5,0.165,0,1,1,2,8,4,0,0
462,100,4,41,0,0.04,1,1,1,2,10,4,0,1
463,600,0,34,0.25,4,0,1,1,2,3,5,0,0
464,0,2,41,2.25,10,0,1,1,1,14,7,1,0
465,600,7,47,13,5.165,9,1,0,2,3,5,1,1
466,400,7,24,1,4.625,2,2001,1,2,11,4,1,1
467,100,1,24,13.25,0.04,0,476,1,1,6,4,0,0
468,0,8,31,12,2,1,20,0,2,8,4,1,1
469,100,4,20,0.25,0.04,0,1,0,2,11,4,0,0
470,900,3,22,11.25,0.75,4,322,0,1,14,7,1,1
471,1700,2,58,10,4,14,1603,0,2,11,4,1,1
472,200,10,20,7,0.5,0,1,1,2,8,4,0,0
473,200,3,29,1.25,1.75,0,1,1,2,9,4,0,0
474,0,7,21,0.5,0.125,0,45,1,2,8,4,0,0
475,0,4,47,0.75,2.75,1,893,0,2,11,7,1,1
476,100,1,16,0,0.04,0,1,1,2,8,4,0,1
477,700,9,24,1.5,0.875,0,1,0,2,9,4,0,0
478,0,5,41,2,0.125,23,1237,0,1,11,7,1,1
479,500,0,32,0,0.04,0,1,1,1,7,4,0,0
480,2400,4,36,0.75,0.585,0,4,1,1,2,4,0,0
481,0,4,36,2.5,0.125,2,2,1,2,9,4,0,0
482,0,9,19,4.5,3,0,1,0,1,8,7,1,1
483,2200,7,34,5,1.085,0,1,1,1,3,5,0,0
484,300,10,30,4.5,7.5,2,1,1,2,9,4,1,1
485,200,8,25,13.75,1.5,0,2,0,2,11,7,0,0
486,600,4,30,0.75,0.04,0,1,1,1,8,4,0,0
487,200,3,41,3.25,3.5,0,1,1,2,7,4,0,0
488,100,2,22,11,3,0,1,0,1,11,4,1,0
489,400,0,30,4.75,2,1,69,1,2,7,4,0,0
490,100,8,22,0.5,0.335,0,1,0,2,3,4,0,0
491,0,3,14,4,1.75,2,1001,1,1,9,4,1,1
492,100,7,75,19,0.04,2,352,1,1,1,1,0,0
493,1900,8,28,3,2.79,1,11,0,2,7,4,0,0
494,5300,6,19,6.5,1.46,7,2955,1,2,9,7,1,1
495,300,3,29,0.5,0.29,0,141,1,2,8,4,0,0
496,0,9,35,3.25,3.75,0,1,1,2,14,7,1,0
497,1100,1,45,1.5,2.5,0,1,1,2,8,4,1,0
498,0,9,23,0.75,0.5,0,1,1,2,7,4,0,0
499,3000,9,26,12.5,1.21,25,259,1,2,13,4,1,1
500,0,8,28,0.5,0.04,0,1005,0,2,6,4,0,0
501,4900,10,56,28,28.5,25,16,1,1,8,4,1,1
502,200,8,31,0,1.25,1,1,1,2,9,4,1,1
503,700,6,37,5,5,0,4001,0,2,10,4,1,1
504,200,7,22,11.75,0.085,0,6,0,2,4,7,0,0
505,2400,9,31,2.75,0,5,147,1,2,1,1,0,0
506,100,9,24,0.75,0.25,1,5,0,2,9,4,0,0
507,100,4,39,4,3,0,1,0,2,8,4,0,0
508,400,6,18,10.25,0,0,51,0,2,1,1,0,0
509,700,8,33,9,5.25,0,1,1,1,9,7,1,1
510,200,4,23,1.5,1.415,0,201,1,2,8,7,1,1
511,100,8,32,6,1.25,0,1,0,2,2,4,0,0
512,600,7,43,0.5,0.375,8,163,1,1,8,4,1,1
513,200,6,19,0.5,0.585,0,1,0,1,6,4,1,0
514,400,2,36,0.75,1.5,0,1,1,2,4,4,0,0
515,100,0,24,0.75,0.085,0,6,1,2,3,7,0,0
516,100,7,41,5,5,7,3066,1,2,8,4,1,1
517,300,6,21,7.5,1.415,1,9801,1,2,6,4,1,1
518,100,3,18,10,1,1,2,0,2,9,4,0,0
519,600,2,25,3,1.835,19,501,0,2,11,7,1,1
520,1700,2,30,0.5,0.085,0,1,1,2,2,7,0,0
521,200,3,34,0.75,1,3,1,0,2,4,5,1,0
522,600,10,36,5,2.5,6,368,1,2,8,5,1,1
523,400,0,27,1,1.25,0,5299,1,2,14,7,1,1
524,100,8,32,3,0,0,21,0,1,5,3,0,0
525,900,3,25,1,0.5,0,1,1,2,6,4,0,0
526,200,0,34,9.25,4.5,12,222,1,2,8,4,1,1
527,300,5,21,10,1.25,0,1,1,1,10,7,0,0
528,300,10,28,15,0,0,13213,0,1,10,7,1,1
529,200,8,23,0.75,1.585,1,10,1,2,3,4,0,0
530,300,6,30,2,2,0,18,0,1,10,7,0,0
531,500,9,25,0.5,0.29,7,5125,1,2,8,4,1,1
532,100,1,53,0.25,0,0,28,0,2,1,1,0,0
533,100,1,49,0.25,0.25,11,2733,1,1,4,4,1,1
534,700,4,40,0.5,0.5,3,1001,1,1,6,4,1,1
535,200,9,32,5,8.5,0,1,1,1,6,4,1,0
536,100,8,24,9,8.5,5,1,0,2,11,4,1,1
537,300,0,20,8.25,1.96,14,159,1,2,6,4,1,1
538,100,4,55,9.5,14.415,11,301,1,2,1,1,1,1
539,400,7,41,3.5,0.5,0,1,0,2,3,5,0,0
540,0,3,23,0.75,0.085,0,1,0,2,3,4,0,0
541,200,9,23,0.75,2,2,395,0,2,8,4,0,0
542,24100,2,20,10.5,0,0,33,0,1,14,7,0,0
543,200,0,41,0.5,0.5,0,1,1,1,7,4,0,0
544,300,4,51,10,0,11,1250,1,2,3,5,1,1
545,0,9,17,0,0.04,0,723,1,1,8,4,0,0
546,1200,1,29,3.5,3.5,3,1,1,2,9,4,1,0
547,100,5,27,14.5,3.085,1,12,0,2,14,7,1,1
548,300,8,32,16.25,3,9,731,1,2,2,4,1,1
549,600,1,32,3,3.04,2,5,0,2,1,1,0,0
